"","date","close"
"1","2008.01.02",1853.45
"2","2008.01.03",1852.73
"3","2008.01.04",1863.9
"4","2008.01.07",1831.14
"5","2008.01.08",1826.23
"6","2008.01.09",1844.47
"7","2008.01.10",1824.78
"8","2008.01.11",1782.27
"9","2008.01.14",1765.88
"10","2008.01.15",1746.95
"11","2008.01.16",1704.97
"12","2008.01.17",1723.55
"13","2008.01.18",1734.72
"14","2008.01.21",1683.56
"15","2008.01.22",1609.02
"16","2008.01.23",1628.42
"17","2008.01.24",1663
"18","2008.01.25",1692.41
"19","2008.01.28",1627.19
"20","2008.01.29",1637.91
"21","2008.01.30",1589.06
"22","2008.01.31",1624.68
"23","2008.02.01",1634.53
"24","2008.02.04",1690.13
"25","2008.02.05",1696.57
"26","2008.02.11",1640.67
"27","2008.02.12",1643.29
"28","2008.02.13",1631.78
"29","2008.02.14",1697.45
"30","2008.02.15",1694.77
"31","2008.02.18",1696.24
"32","2008.02.19",1720.52
"33","2008.02.20",1687.91
"34","2008.02.21",1704.36
"35","2008.02.22",1686.45
"36","2008.02.25",1709.13
"37","2008.02.26",1709.13
"38","2008.02.27",1720.89
"39","2008.02.28",1736.17
"40","2008.02.29",1711.62
"41","2008.03.03",1671.73
"42","2008.03.04",1676.18
"43","2008.03.05",1677.1
"44","2008.03.06",1697.44
"45","2008.03.07",1663.97
"46","2008.03.10",1625.17
"47","2008.03.11",1641.48
"48","2008.03.12",1658.83
"49","2008.03.13",1615.62
"50","2008.03.14",1600.26
"51","2008.03.17",1574.44
"52","2008.03.18",1588.75
"53","2008.03.19",1622.23
"54","2008.03.20",1623.39
"55","2008.03.21",1645.69
"56","2008.03.24",1655.3
"57","2008.03.25",1674.93
"58","2008.03.26",1679.67
"59","2008.03.27",1676.24
"60","2008.03.28",1701.83
"61","2008.03.31",1703.99
"62","2008.04.01",1702.25
"63","2008.04.02",1742.19
"64","2008.04.03",1763.63
"65","2008.04.04",1766.49
"66","2008.04.07",1773.56
"67","2008.04.08",1754.71
"68","2008.04.10",1764.64
"69","2008.04.11",1779.71
"70","2008.04.14",1746.71
"71","2008.04.15",1742.17
"72","2008.04.16",1758.56
"73","2008.04.17",1768.67
"74","2008.04.18",1771.9
"75","2008.04.21",1800.48
"76","2008.04.22",1787.49
"77","2008.04.23",1800.79
"78","2008.04.24",1799.34
"79","2008.04.25",1824.68
"80","2008.04.28",1823.17
"81","2008.04.29",1811.51
"82","2008.04.30",1825.47
"83","2008.05.02",1848.27
"84","2008.05.06",1859.06
"85","2008.05.07",1854.01
"86","2008.05.08",1848
"87","2008.05.09",1823.7
"88","2008.05.13",1842.8
"89","2008.05.14",1843.75
"90","2008.05.15",1885.71
"91","2008.05.16",1888.88
"92","2008.05.19",1885.37
"93","2008.05.20",1873.15
"94","2008.05.21",1847.51
"95","2008.05.22",1835.42
"96","2008.05.23",1827.94
"97","2008.05.26",1800.58
"98","2008.05.27",1825.23
"99","2008.05.28",1805.64
"100","2008.05.29",1841.22
"101","2008.05.30",1852.02
"102","2008.06.02",1847.53
"103","2008.06.03",1819.39
"104","2008.06.04",1833.81
"105","2008.06.05",1832.31
"106","2008.06.09",1808.96
"107","2008.06.10",1774.38
"108","2008.06.11",1781.67
"109","2008.06.12",1739.36
"110","2008.06.13",1747.35
"111","2008.06.16",1760.82
"112","2008.06.17",1750.71
"113","2008.06.18",1774.13
"114","2008.06.19",1740.72
"115","2008.06.20",1731
"116","2008.06.23",1715.59
"117","2008.06.24",1710.84
"118","2008.06.25",1717.79
"119","2008.06.26",1717.66
"120","2008.06.27",1684.45
"121","2008.06.30",1674.92
"122","2008.07.01",1666.46
"123","2008.07.02",1623.6
"124","2008.07.03",1606.54
"125","2008.07.04",1577.94
"126","2008.07.07",1579.72
"127","2008.07.08",1533.47
"128","2008.07.09",1519.38
"129","2008.07.10",1537.43
"130","2008.07.11",1567.51
"131","2008.07.14",1558.62
"132","2008.07.15",1509.33
"133","2008.07.16",1507.4
"134","2008.07.17",1525.56
"135","2008.07.18",1509.99
"136","2008.07.21",1562.92
"137","2008.07.22",1561.23
"138","2008.07.23",1591.76
"139","2008.07.24",1626.14
"140","2008.07.25",1597.93
"141","2008.07.28",1598.29
"142","2008.07.29",1567.2
"143","2008.07.30",1577.7
"144","2008.07.31",1594.67
"145","2008.08.01",1573.77
"146","2008.08.04",1543.05
"147","2008.08.05",1535.54
"148","2008.08.06",1578.71
"149","2008.08.07",1564
"150","2008.08.08",1568.72
"151","2008.08.11",1581.09
"152","2008.08.12",1577.12
"153","2008.08.13",1562.72
"154","2008.08.14",1572.19
"155","2008.08.18",1567.71
"156","2008.08.19",1541.41
"157","2008.08.20",1540.71
"158","2008.08.21",1512.59
"159","2008.08.22",1496.91
"160","2008.08.25",1502.11
"161","2008.08.26",1490.25
"162","2008.08.27",1493.92
"163","2008.08.28",1474.15
"164","2008.08.29",1474.24
"165","2008.09.01",1414.43
"166","2008.09.02",1407.14
"167","2008.09.03",1426.89
"168","2008.09.04",1426.43
"169","2008.09.05",1404.38
"170","2008.09.08",1476.65
"171","2008.09.09",1454.5
"172","2008.09.10",1464.98
"173","2008.09.11",1443.24
"174","2008.09.12",1477.92
"175","2008.09.16",1387.75
"176","2008.09.17",1425.26
"177","2008.09.18",1392.42
"178","2008.09.19",1455.78
"179","2008.09.22",1460.34
"180","2008.09.23",1481.37
"181","2008.09.24",1495.98
"182","2008.09.25",1501.63
"183","2008.09.26",1476.33
"184","2008.09.29",1456.36
"185","2008.09.30",1448.06
"186","2008.10.01",1439.67
"187","2008.10.02",1419.65
"188","2008.10.06",1358.75
"189","2008.10.07",1366.1
"190","2008.10.08",1286.69
"191","2008.10.09",1294.89
"192","2008.10.10",1241.47
"193","2008.10.13",1288.53
"194","2008.10.14",1367.69
"195","2008.10.15",1340.28
"196","2008.10.16",1213.78
"197","2008.10.17",1180.67
"198","2008.10.20",1207.63
"199","2008.10.21",1196.1
"200","2008.10.22",1134.59
"201","2008.10.23",1049.71
"202","2008.10.24",938.75
"203","2008.10.27",946.45
"204","2008.10.28",999.16
"205","2008.10.29",968.97
"206","2008.10.30",1084.72
"207","2008.10.31",1113.06
"208","2008.11.03",1129.08
"209","2008.11.04",1153.35
"210","2008.11.05",1181.5
"211","2008.11.06",1092.22
"212","2008.11.07",1134.49
"213","2008.11.10",1152.46
"214","2008.11.11",1128.73
"215","2008.11.12",1123.86
"216","2008.11.13",1088.44
"217","2008.11.14",1088.26
"218","2008.11.17",1078.32
"219","2008.11.18",1036.16
"220","2008.11.19",1016.82
"221","2008.11.20",948.69
"222","2008.11.21",1003.73
"223","2008.11.24",970.14
"224","2008.11.25",983.32
"225","2008.11.26",1029.78
"226","2008.11.27",1063.48
"227","2008.11.28",1076.07
"228","2008.12.01",1058.62
"229","2008.12.02",1023.2
"230","2008.12.03",1022.67
"231","2008.12.04",1006.54
"232","2008.12.05",1028.13
"233","2008.12.08",1105.05
"234","2008.12.09",1105.84
"235","2008.12.10",1145.87
"236","2008.12.11",1154.43
"237","2008.12.12",1103.82
"238","2008.12.15",1158.19
"239","2008.12.16",1161.56
"240","2008.12.17",1169.75
"241","2008.12.18",1175.91
"242","2008.12.19",1180.97
"243","2008.12.22",1179.61
"244","2008.12.23",1144.31
"245","2008.12.24",1128.51
"246","2008.12.26",1117.86
"247","2008.12.29",1117.59
"248","2008.12.30",1124.47
"249","2009.01.02",1157.4
"250","2009.01.05",1173.57
"251","2009.01.06",1194.28
"252","2009.01.07",1228.17
"253","2009.01.08",1205.7
"254","2009.01.09",1180.96
"255","2009.01.12",1156.75
"256","2009.01.13",1167.71
"257","2009.01.14",1182.68
"258","2009.01.15",1111.34
"259","2009.01.16",1135.2
"260","2009.01.19",1150.65
"261","2009.01.20",1126.81
"262","2009.01.21",1103.61
"263","2009.01.22",1116.23
"264","2009.01.23",1093.4
"265","2009.01.28",1157.98
"266","2009.01.29",1166.56
"267","2009.01.30",1162.11
"268","2009.02.02",1146.95
"269","2009.02.03",1163.2
"270","2009.02.04",1195.37
"271","2009.02.05",1177.88
"272","2009.02.06",1210.26
"273","2009.02.09",1202.69
"274","2009.02.10",1198.87
"275","2009.02.11",1190.18
"276","2009.02.12",1179.84
"277","2009.02.13",1192.44
"278","2009.02.16",1175.47
"279","2009.02.17",1127.19
"280","2009.02.18",1113.19
"281","2009.02.19",1107.1
"282","2009.02.20",1065.95
"283","2009.02.23",1099.55
"284","2009.02.24",1063.88
"285","2009.02.25",1067.08
"286","2009.02.26",1054.79
"287","2009.02.27",1063.03
"288","2009.03.02",1018.81
"289","2009.03.03",1025.57
"290","2009.03.04",1059.26
"291","2009.03.05",1058.18
"292","2009.03.06",1055.03
"293","2009.03.09",1071.73
"294","2009.03.10",1092.2
"295","2009.03.11",1127.51
"296","2009.03.12",1128.39
"297","2009.03.13",1126.03
"298","2009.03.16",1125.46
"299","2009.03.17",1163.88
"300","2009.03.18",1169.95
"301","2009.03.19",1161.81
"302","2009.03.20",1170.94
"303","2009.03.23",1199.5
"304","2009.03.24",1221.7
"305","2009.03.25",1229.02
"306","2009.03.26",1243.8
"307","2009.03.27",1237.51
"308","2009.03.30",1197.46
"309","2009.03.31",1206.26
"310","2009.04.01",1233.36
"311","2009.04.02",1276.97
"312","2009.04.03",1283.75
"313","2009.04.06",1297.85
"314","2009.04.07",1300.1
"315","2009.04.08",1262.07
"316","2009.04.09",1316.35
"317","2009.04.10",1336.04
"318","2009.04.13",1338.26
"319","2009.04.14",1342.63
"320","2009.04.15",1333.09
"321","2009.04.16",1336.72
"322","2009.04.17",1329
"323","2009.04.20",1336.39
"324","2009.04.21",1336.81
"325","2009.04.22",1356.02
"326","2009.04.23",1368.8
"327","2009.04.24",1354.1
"328","2009.04.27",1339.83
"329","2009.04.28",1300.24
"330","2009.04.29",1338.42
"331","2009.04.30",1369.36
"332","2009.05.04",1397.92
"333","2009.05.06",1393.45
"334","2009.05.07",1401.08
"335","2009.05.08",1412.13
"336","2009.05.11",1415.16
"337","2009.05.12",1403.51
"338","2009.05.13",1414.52
"339","2009.05.14",1380.95
"340","2009.05.15",1391.73
"341","2009.05.18",1386.68
"342","2009.05.19",1428.21
"343","2009.05.20",1435.7
"344","2009.05.21",1421.65
"345","2009.05.22",1403.75
"346","2009.05.25",1400.9
"347","2009.05.26",1372.04
"348","2009.05.27",1362.02
"349","2009.05.28",1392.17
"350","2009.05.29",1395.89
"351","2009.06.01",1415.1
"352","2009.06.02",1412.85
"353","2009.06.03",1414.89
"354","2009.06.04",1378.14
"355","2009.06.05",1394.71
"356","2009.06.08",1393.3
"357","2009.06.09",1371.84
"358","2009.06.10",1414.88
"359","2009.06.11",1419.39
"360","2009.06.12",1428.59
"361","2009.06.15",1412.42
"362","2009.06.16",1399.15
"363","2009.06.17",1391.17
"364","2009.06.18",1375.76
"365","2009.06.19",1383.34
"366","2009.06.22",1399.71
"367","2009.06.23",1360.54
"368","2009.06.24",1363.79
"369","2009.06.25",1392.73
"370","2009.06.26",1394.53
"371","2009.06.29",1388.45
"372","2009.06.30",1390.07
"373","2009.07.01",1411.66
"374","2009.07.02",1411.48
"375","2009.07.03",1420.04
"376","2009.07.06",1428.94
"377","2009.07.07",1434.2
"378","2009.07.08",1431.02
"379","2009.07.09",1430.89
"380","2009.07.10",1428.62
"381","2009.07.13",1378.12
"382","2009.07.14",1385.56
"383","2009.07.15",1420.86
"384","2009.07.16",1432.22
"385","2009.07.17",1440.1
"386","2009.07.20",1478.51
"387","2009.07.21",1488.99
"388","2009.07.22",1494.04
"389","2009.07.23",1496.49
"390","2009.07.24",1502.59
"391","2009.07.27",1524.05
"392","2009.07.28",1526.03
"393","2009.07.29",1524.32
"394","2009.07.30",1534.74
"395","2009.07.31",1557.29
"396","2009.08.03",1564.98
"397","2009.08.04",1566.37
"398","2009.08.05",1559.47
"399","2009.08.06",1565.04
"400","2009.08.07",1576
"401","2009.08.10",1576.11
"402","2009.08.11",1579.21
"403","2009.08.12",1565.35
"404","2009.08.13",1564.64
"405","2009.08.14",1591.41
"406","2009.08.17",1547.06
"407","2009.08.18",1550.24
"408","2009.08.19",1545.96
"409","2009.08.20",1576.39
"410","2009.08.21",1580.98
"411","2009.08.24",1612.22
"412","2009.08.25",1601.38
"413","2009.08.26",1614.12
"414","2009.08.27",1599.33
"415","2009.08.28",1607.94
"416","2009.08.31",1591.85
"417","2009.09.01",1623.06
"418","2009.09.02",1613.16
"419","2009.09.03",1613.53
"420","2009.09.04",1608.9
"421","2009.09.07",1608.57
"422","2009.09.08",1619.69
"423","2009.09.09",1607.77
"424","2009.09.10",1644.68
"425","2009.09.11",1651.7
"426","2009.09.14",1634.91
"427","2009.09.15",1653.4
"428","2009.09.16",1683.33
"429","2009.09.17",1695.47
"430","2009.09.18",1699.71
"431","2009.09.21",1695.5
"432","2009.09.22",1718.88
"433","2009.09.23",1711.47
"434","2009.09.24",1693.88
"435","2009.09.25",1691.48
"436","2009.09.28",1675.55
"437","2009.09.29",1690.05
"438","2009.09.30",1673.14
"439","2009.10.01",1644.63
"440","2009.10.05",1606.9
"441","2009.10.06",1598.44
"442","2009.10.07",1598
"443","2009.10.08",1615.46
"444","2009.10.09",1646.79
"445","2009.10.12",1639.81
"446","2009.10.13",1628.93
"447","2009.10.14",1649.09
"448","2009.10.15",1658.99
"449","2009.10.16",1640.36
"450","2009.10.19",1649.07
"451","2009.10.20",1659.15
"452","2009.10.21",1653.86
"453","2009.10.22",1630.33
"454","2009.10.23",1640.17
"455","2009.10.26",1657.11
"456","2009.10.27",1649.53
"457","2009.10.28",1609.71
"458","2009.10.29",1585.85
"459","2009.10.30",1580.69
"460","2009.11.02",1559.09
"461","2009.11.03",1549.92
"462","2009.11.04",1579.93
"463","2009.11.05",1552.24
"464","2009.11.06",1572.46
"465","2009.11.09",1576.79
"466","2009.11.10",1582.3
"467","2009.11.11",1594.82
"468","2009.11.12",1572.73
"469","2009.11.13",1571.99
"470","2009.11.16",1592.47
"471","2009.11.17",1585.98
"472","2009.11.18",1603.97
"473","2009.11.19",1620.54
"474","2009.11.20",1620.6
"475","2009.11.23",1619.05
"476","2009.11.24",1606.42
"477","2009.11.25",1611.88
"478","2009.11.26",1599.52
"479","2009.11.27",1524.5
"480","2009.11.30",1555.6
"481","2009.12.01",1569.72
"482","2009.12.02",1591.63
"483","2009.12.03",1615
"484","2009.12.04",1624.76
"485","2009.12.07",1632.65
"486","2009.12.08",1627.78
"487","2009.12.09",1634.17
"488","2009.12.10",1652.73
"489","2009.12.11",1656.9
"490","2009.12.14",1664.77
"491","2009.12.15",1665.85
"492","2009.12.16",1664.24
"493","2009.12.17",1647.84
"494","2009.12.18",1647.04
"495","2009.12.21",1644.23
"496","2009.12.22",1655.54
"497","2009.12.23",1661.35
"498","2009.12.24",1682.34
"499","2009.12.28",1685.59
"500","2009.12.29",1672.48
"501","2009.12.30",1682.77
"502","2010.01.04",1696.14
"503","2010.01.05",1690.62
"504","2010.01.06",1705.32
"505","2010.01.07",1683.45
"506","2010.01.08",1695.26
"507","2010.01.11",1694.12
"508","2010.01.12",1698.64
"509","2010.01.13",1671.41
"510","2010.01.14",1685.77
"511","2010.01.15",1701.8
"512","2010.01.18",1711.78
"513","2010.01.19",1710.22
"514","2010.01.20",1714.38
"515","2010.01.21",1722.01
"516","2010.01.22",1684.35
"517","2010.01.25",1670.2
"518","2010.01.26",1637.34
"519","2010.01.27",1625.48
"520","2010.01.28",1642.43
"521","2010.01.29",1602.43
"522","2010.02.01",1606.44
"523","2010.02.02",1595.81
"524","2010.02.03",1615.02
"525","2010.02.04",1616.42
"526","2010.02.05",1567.12
"527","2010.02.08",1552.79
"528","2010.02.09",1570.49
"529","2010.02.10",1570.12
"530","2010.02.11",1597.81
"531","2010.02.12",1593.66
"532","2010.02.16",1601.05
"533","2010.02.17",1627.43
"534","2010.02.18",1621.19
"535","2010.02.19",1593.9
"536","2010.02.22",1627.1
"537","2010.02.23",1628.9
"538","2010.02.24",1612.83
"539","2010.02.25",1587.51
"540","2010.02.26",1594.58
"541","2010.03.02",1615.12
"542","2010.03.03",1622.44
"543","2010.03.04",1618.2
"544","2010.03.05",1634.57
"545","2010.03.08",1660.04
"546","2010.03.09",1660.83
"547","2010.03.10",1662.24
"548","2010.03.11",1656.62
"549","2010.03.12",1662.74
"550","2010.03.15",1649.5
"551","2010.03.16",1648.01
"552","2010.03.17",1682.86
"553","2010.03.18",1675.17
"554","2010.03.19",1686.11
"555","2010.03.22",1672.67
"556","2010.03.23",1681.82
"557","2010.03.24",1681.01
"558","2010.03.25",1688.39
"559","2010.03.26",1697.72
"560","2010.03.29",1691.99
"561","2010.03.30",1700.19
"562","2010.03.31",1692.85
"563","2010.04.01",1719.17
"564","2010.04.02",1723.49
"565","2010.04.05",1724.99
"566","2010.04.06",1726.09
"567","2010.04.07",1726.6
"568","2010.04.08",1733.78
"569","2010.04.09",1724.47
"570","2010.04.12",1710.3
"571","2010.04.13",1710.59
"572","2010.04.14",1735.33
"573","2010.04.15",1743.91
"574","2010.04.16",1734.49
"575","2010.04.19",1705.3
"576","2010.04.20",1718.03
"577","2010.04.21",1747.58
"578","2010.04.22",1739.52
"579","2010.04.23",1737.03
"580","2010.04.26",1752.2
"581","2010.04.27",1749.55
"582","2010.04.28",1733.91
"583","2010.04.29",1728.42
"584","2010.04.30",1741.56
"585","2010.05.03",1721.21
"586","2010.05.04",1718.75
"587","2010.05.06",1684.71
"588","2010.05.07",1647.5
"589","2010.05.10",1677.63
"590","2010.05.11",1670.24
"591","2010.05.12",1663.03
"592","2010.05.13",1694.58
"593","2010.05.14",1695.63
"594","2010.05.17",1651.51
"595","2010.05.18",1643.24
"596","2010.05.19",1630.08
"597","2010.05.20",1600.18
"598","2010.05.24",1604.93
"599","2010.05.25",1560.83
"600","2010.05.26",1582.12
"601","2010.05.27",1607.5
"602","2010.05.28",1622.78
"603","2010.05.31",1641.25
"604","2010.06.01",1630.4
"605","2010.06.03",1661.84
"606","2010.06.04",1664.13
"607","2010.06.07",1637.97
"608","2010.06.08",1651.48
"609","2010.06.09",1647.22
"610","2010.06.10",1651.7
"611","2010.06.11",1675.34
"612","2010.06.14",1690.6
"613","2010.06.15",1690.03
"614","2010.06.16",1705.33
"615","2010.06.17",1707.92
"616","2010.06.18",1711.95
"617","2010.06.21",1739.68
"618","2010.06.22",1731.48
"619","2010.06.23",1725.82
"620","2010.06.24",1739.87
"621","2010.06.25",1729.84
"622","2010.06.28",1732.03
"623","2010.06.29",1707.76
"624","2010.06.30",1698.29
"625","2010.07.01",1686.24
"626","2010.07.02",1671.82
"627","2010.07.05",1675.37
"628","2010.07.06",1684.94
"629","2010.07.07",1675.65
"630","2010.07.08",1698.64
"631","2010.07.09",1723.01
"632","2010.07.12",1734.05
"633","2010.07.13",1735.08
"634","2010.07.14",1758.01
"635","2010.07.15",1751.29
"636","2010.07.16",1738.45
"637","2010.07.19",1731.95
"638","2010.07.20",1736.77
"639","2010.07.21",1748.78
"640","2010.07.22",1735.53
"641","2010.07.23",1758.06
"642","2010.07.26",1769.07
"643","2010.07.27",1768.31
"644","2010.07.28",1773.47
"645","2010.07.29",1770.88
"646","2010.07.30",1759.33
"647","2010.08.02",1782.27
"648","2010.08.03",1790.6
"649","2010.08.04",1789.26
"650","2010.08.05",1783.86
"651","2010.08.06",1783.83
"652","2010.08.09",1790.17
"653","2010.08.10",1781.13
"654","2010.08.11",1758.19
"655","2010.08.12",1721.75
"656","2010.08.13",1746.24
"657","2010.08.16",1743.31
"658","2010.08.17",1755.03
"659","2010.08.18",1761.99
"660","2010.08.19",1779.64
"661","2010.08.20",1775.54
"662","2010.08.23",1767.71
"663","2010.08.24",1760.53
"664","2010.08.25",1734.79
"665","2010.08.26",1729.76
"666","2010.08.27",1729.56
"667","2010.08.30",1760.13
"668","2010.08.31",1742.75
"669","2010.09.01",1764.69
"670","2010.09.02",1775.73
"671","2010.09.03",1780.02
"672","2010.09.06",1792.42
"673","2010.09.07",1787.74
"674","2010.09.08",1779.22
"675","2010.09.09",1784.36
"676","2010.09.10",1802.58
"677","2010.09.13",1818.86
"678","2010.09.14",1815.25
"679","2010.09.15",1823.88
"680","2010.09.16",1811.85
"681","2010.09.17",1827.35
"682","2010.09.20",1832.63
"683","2010.09.24",1846.6
"684","2010.09.27",1860.83
"685","2010.09.28",1855.97
"686","2010.09.29",1866.45
"687","2010.09.30",1872.81
"688","2010.10.01",1876.73
"689","2010.10.04",1879.29
"690","2010.10.05",1878.94
"691","2010.10.06",1903.95
"692","2010.10.07",1900.85
"693","2010.10.08",1897.07
"694","2010.10.11",1889.91
"695","2010.10.12",1868.04
"696","2010.10.13",1876.15
"697","2010.10.14",1899.76
"698","2010.10.15",1902.29
"699","2010.10.18",1875.42
"700","2010.10.19",1857.32
"701","2010.10.20",1870.44
"702","2010.10.21",1874.69
"703","2010.10.22",1897.31
"704","2010.10.25",1915.71
"705","2010.10.26",1919.41
"706","2010.10.27",1909.54
"707","2010.10.28",1907.87
"708","2010.10.29",1882.95
"709","2010.11.01",1914.74
"710","2010.11.02",1918.04
"711","2010.11.03",1935.97
"712","2010.11.04",1942.5
"713","2010.11.05",1938.96
"714","2010.11.08",1942.41
"715","2010.11.09",1947.46
"716","2010.11.10",1967.85
"717","2010.11.11",1914.73
"718","2010.11.12",1913.12
"719","2010.11.15",1913.81
"720","2010.11.16",1899.13
"721","2010.11.17",1897.11
"722","2010.11.18",1927.86
"723","2010.11.19",1940.96
"724","2010.11.22",1944.34
"725","2010.11.23",1928.94
"726","2010.11.24",1925.98
"727","2010.11.25",1927.68
"728","2010.11.26",1901.8
"729","2010.11.29",1895.54
"730","2010.11.30",1904.63
"731","2010.12.01",1929.32
"732","2010.12.02",1950.26
"733","2010.12.03",1957.26
"734","2010.12.06",1953.64
"735","2010.12.07",1962.52
"736","2010.12.08",1955.72
"737","2010.12.09",1988.96
"738","2010.12.10",1986.14
"739","2010.12.13",1996.59
"740","2010.12.14",2009.05
"741","2010.12.15",2017.48
"742","2010.12.16",2009.24
"743","2010.12.17",2026.3
"744","2010.12.20",2020.28
"745","2010.12.21",2037.09
"746","2010.12.22",2038.11
"747","2010.12.23",2037.53
"748","2010.12.24",2029.6
"749","2010.12.27",2022.19
"750","2010.12.28",2033.32
"751","2010.12.29",2043.49
"752","2010.12.30",2051
"753","2011.01.03",2070.08
"754","2011.01.04",2085.14
"755","2011.01.05",2082.55
"756","2011.01.06",2077.61
"757","2011.01.07",2086.2
"758","2011.01.10",2080.81
"759","2011.01.11",2088.32
"760","2011.01.12",2094.95
"761","2011.01.13",2089.48
"762","2011.01.14",2108.17
"763","2011.01.17",2099.85
"764","2011.01.18",2096.48
"765","2011.01.19",2115.69
"766","2011.01.20",2106.66
"767","2011.01.21",2069.92
"768","2011.01.24",2082.16
"769","2011.01.25",2086.67
"770","2011.01.26",2110.46
"771","2011.01.27",2115.01
"772","2011.01.28",2107.87
"773","2011.01.31",2069.73
"774","2011.02.01",2072.03
"775","2011.02.07",2081.74
"776","2011.02.08",2069.7
"777","2011.02.09",2045.58
"778","2011.02.10",2008.5
"779","2011.02.11",1977.19
"780","2011.02.14",2014.59
"781","2011.02.15",2010.52
"782","2011.02.16",1989.11
"783","2011.02.17",1977.22
"784","2011.02.18",2013.14
"785","2011.02.21",2005.3
"786","2011.02.22",1969.92
"787","2011.02.23",1961.63
"788","2011.02.24",1949.88
"789","2011.02.25",1963.43
"790","2011.02.28",1939.3
"791","2011.03.02",1928.24
"792","2011.03.03",1970.66
"793","2011.03.04",2004.68
"794","2011.03.07",1980.27
"795","2011.03.08",1996.32
"796","2011.03.09",2001.47
"797","2011.03.10",1981.58
"798","2011.03.11",1955.54
"799","2011.03.14",1971.23
"800","2011.03.15",1923.92
"801","2011.03.16",1957.97
"802","2011.03.17",1959.03
"803","2011.03.18",1981.13
"804","2011.03.21",2003.42
"805","2011.03.22",2013.66
"806","2011.03.23",2012.18
"807","2011.03.24",2036.78
"808","2011.03.25",2054.04
"809","2011.03.28",2056.39
"810","2011.03.29",2072.13
"811","2011.03.30",2091.38
"812","2011.03.31",2106.7
"813","2011.04.01",2121.01
"814","2011.04.04",2115.87
"815","2011.04.05",2130.43
"816","2011.04.06",2126.71
"817","2011.04.07",2122.14
"818","2011.04.08",2127.97
"819","2011.04.11",2122.39
"820","2011.04.12",2089.4
"821","2011.04.13",2121.92
"822","2011.04.14",2141.06
"823","2011.04.15",2140.5
"824","2011.04.18",2137.72
"825","2011.04.19",2122.68
"826","2011.04.20",2169.91
"827","2011.04.21",2198.54
"828","2011.04.22",2197.82
"829","2011.04.25",2216
"830","2011.04.26",2206.3
"831","2011.04.27",2206.7
"832","2011.04.28",2208.35
"833","2011.04.29",2192.36
"834","2011.05.02",2228.96
"835","2011.05.03",2200.73
"836","2011.05.04",2180.64
"837","2011.05.06",2147.45
"838","2011.05.09",2139.17
"839","2011.05.11",2166.63
"840","2011.05.12",2122.65
"841","2011.05.13",2120.08
"842","2011.05.16",2104.18
"843","2011.05.17",2102.41
"844","2011.05.18",2135.78
"845","2011.05.19",2095.51
"846","2011.05.20",2111.5
"847","2011.05.23",2055.71
"848","2011.05.24",2061.76
"849","2011.05.25",2035.87
"850","2011.05.26",2091.91
"851","2011.05.27",2100.24
"852","2011.05.30",2093.79
"853","2011.05.31",2142.47
"854","2011.06.01",2141.34
"855","2011.06.02",2114.2
"856","2011.06.03",2113.47
"857","2011.06.07",2099.71
"858","2011.06.08",2083.35
"859","2011.06.09",2071.42
"860","2011.06.10",2046.67
"861","2011.06.13",2048.74
"862","2011.06.14",2076.83
"863","2011.06.15",2086.53
"864","2011.06.16",2046.63
"865","2011.06.17",2031.93
"866","2011.06.20",2019.65
"867","2011.06.21",2048.17
"868","2011.06.22",2063.9
"869","2011.06.23",2055.86
"870","2011.06.24",2090.81
"871","2011.06.27",2070.29
"872","2011.06.28",2062.91
"873","2011.06.29",2094.42
"874","2011.06.30",2100.69
"875","2011.07.01",2125.74
"876","2011.07.04",2145.3
"877","2011.07.05",2161.75
"878","2011.07.06",2171.19
"879","2011.07.07",2180.59
"880","2011.07.08",2180.35
"881","2011.07.11",2157.16
"882","2011.07.12",2109.73
"883","2011.07.13",2129.64
"884","2011.07.14",2130.07
"885","2011.07.15",2145.2
"886","2011.07.18",2130.48
"887","2011.07.19",2130.21
"888","2011.07.20",2154.95
"889","2011.07.21",2145.04
"890","2011.07.22",2171.23
"891","2011.07.25",2150.48
"892","2011.07.26",2168.7
"893","2011.07.27",2174.31
"894","2011.07.28",2155.85
"895","2011.07.29",2133.21
"896","2011.08.01",2172.31
"897","2011.08.02",2121.27
"898","2011.08.03",2066.26
"899","2011.08.04",2018.47
"900","2011.08.05",1943.75
"901","2011.08.08",1869.45
"902","2011.08.09",1801.35
"903","2011.08.10",1806.24
"904","2011.08.11",1817.44
"905","2011.08.12",1793.31
"906","2011.08.16",1879.87
"907","2011.08.17",1892.67
"908","2011.08.18",1860.58
"909","2011.08.19",1744.88
"910","2011.08.22",1710.7
"911","2011.08.23",1776.68
"912","2011.08.24",1754.78
"913","2011.08.25",1764.58
"914","2011.08.26",1778.95
"915","2011.08.29",1829.5
"916","2011.08.30",1843.82
"917","2011.08.31",1880.11
"918","2011.09.01",1880.7
"919","2011.09.02",1867.75
"920","2011.09.05",1785.83
"921","2011.09.06",1766.71
"922","2011.09.07",1833.46
"923","2011.09.08",1846.64
"924","2011.09.09",1812.93
"925","2011.09.14",1749.16
"926","2011.09.15",1774.08
"927","2011.09.16",1840.1
"928","2011.09.19",1820.94
"929","2011.09.20",1837.97
"930","2011.09.21",1854.28
"931","2011.09.22",1800.55
"932","2011.09.23",1697.44
"933","2011.09.26",1652.71
"934","2011.09.27",1735.71
"935","2011.09.28",1723.09
"936","2011.09.29",1769.29
"937","2011.09.30",1769.65
"938","2011.10.04",1706.19
"939","2011.10.05",1666.52
"940","2011.10.06",1710.32
"941","2011.10.07",1759.77
"942","2011.10.10",1766.44
"943","2011.10.11",1795.02
"944","2011.10.12",1809.5
"945","2011.10.13",1823.1
"946","2011.10.14",1835.4
"947","2011.10.17",1865.18
"948","2011.10.18",1838.9
"949","2011.10.19",1855.92
"950","2011.10.20",1805.09
"951","2011.10.21",1838.38
"952","2011.10.24",1898.32
"953","2011.10.25",1888.65
"954","2011.10.26",1894.31
"955","2011.10.27",1922.04
"956","2011.10.28",1929.48
"957","2011.10.31",1909.03
"958","2011.11.01",1909.63
"959","2011.11.02",1898.01
"960","2011.11.03",1869.96
"961","2011.11.04",1928.41
"962","2011.11.07",1919.1
"963","2011.11.08",1903.14
"964","2011.11.09",1907.53
"965","2011.11.10",1813.25
"966","2011.11.11",1863.45
"967","2011.11.14",1902.81
"968","2011.11.15",1886.12
"969","2011.11.16",1856.07
"970","2011.11.17",1876.67
"971","2011.11.18",1839.17
"972","2011.11.21",1820.03
"973","2011.11.22",1826.28
"974","2011.11.23",1783.1
"975","2011.11.24",1795.06
"976","2011.11.25",1776.4
"977","2011.11.28",1815.28
"978","2011.11.29",1856.52
"979","2011.11.30",1847.51
"980","2011.12.01",1916.18
"981","2011.12.02",1916.04
"982","2011.12.05",1922.9
"983","2011.12.06",1902.82
"984","2011.12.07",1919.42
"985","2011.12.08",1912.39
"986","2011.12.09",1874.75
"987","2011.12.12",1899.76
"988","2011.12.13",1864.06
"989","2011.12.14",1857.75
"990","2011.12.15",1819.11
"991","2011.12.16",1839.96
"992","2011.12.19",1776.93
"993","2011.12.20",1793.06
"994","2011.12.21",1848.41
"995","2011.12.22",1847.49
"996","2011.12.23",1867.22
"997","2011.12.26",1856.7
"998","2011.12.27",1842.02
"999","2011.12.28",1825.12
"1000","2011.12.29",1825.74
"1001","2012.01.02",1826.37
"1002","2012.01.03",1875.41
"1003","2012.01.04",1866.22
"1004","2012.01.05",1863.74
"1005","2012.01.06",1843.14
"1006","2012.01.09",1826.49
"1007","2012.01.10",1853.22
"1008","2012.01.11",1845.55
"1009","2012.01.12",1864.57
"1010","2012.01.13",1875.68
"1011","2012.01.16",1859.27
"1012","2012.01.17",1892.74
"1013","2012.01.18",1892.39
"1014","2012.01.19",1914.97
"1015","2012.01.20",1949.89
"1016","2012.01.25",1952.23
"1017","2012.01.26",1957.18
"1018","2012.01.27",1964.83
"1019","2012.01.30",1940.55
"1020","2012.01.31",1955.79
"1021","2012.02.01",1959.24
"1022","2012.02.02",1984.3
"1023","2012.02.03",1972.34
"1024","2012.02.06",1973.13
"1025","2012.02.07",1981.59
"1026","2012.02.08",2003.73
"1027","2012.02.09",2014.62
"1028","2012.02.10",1993.71
"1029","2012.02.13",2005.74
"1030","2012.02.14",2002.64
"1031","2012.02.15",2025.32
"1032","2012.02.16",1997.45
"1033","2012.02.17",2023.47
"1034","2012.02.20",2024.9
"1035","2012.02.21",2024.24
"1036","2012.02.22",2028.65
"1037","2012.02.23",2007.8
"1038","2012.02.24",2019.89
"1039","2012.02.27",1991.16
"1040","2012.02.28",2003.69
"1041","2012.02.29",2030.25
"1042","2012.03.02",2034.63
"1043","2012.03.05",2016.06
"1044","2012.03.06",2000.36
"1045","2012.03.07",1982.15
"1046","2012.03.08",2000.76
"1047","2012.03.09",2018.3
"1048","2012.03.12",2002.5
"1049","2012.03.13",2025.04
"1050","2012.03.14",2045.08
"1051","2012.03.15",2043.76
"1052","2012.03.16",2034.44
"1053","2012.03.19",2047
"1054","2012.03.20",2042.15
"1055","2012.03.21",2027.23
"1056","2012.03.22",2026.12
"1057","2012.03.23",2026.83
"1058","2012.03.26",2019.19
"1059","2012.03.27",2039.76
"1060","2012.03.28",2031.74
"1061","2012.03.29",2014.41
"1062","2012.03.30",2014.04
"1063","2012.04.02",2029.29
"1064","2012.04.03",2049.28
"1065","2012.04.04",2018.61
"1066","2012.04.05",2028.77
"1067","2012.04.06",2029.03
"1068","2012.04.09",1997.08
"1069","2012.04.10",1994.41
"1070","2012.04.12",1986.63
"1071","2012.04.13",2008.91
"1072","2012.04.16",1992.63
"1073","2012.04.17",1985.3
"1074","2012.04.18",2004.53
"1075","2012.04.19",1999.86
"1076","2012.04.20",1974.65
"1077","2012.04.23",1972.63
"1078","2012.04.24",1963.42
"1079","2012.04.25",1961.98
"1080","2012.04.26",1964.04
"1081","2012.04.27",1975.35
"1082","2012.04.30",1981.99
"1083","2012.05.02",1999.07
"1084","2012.05.03",1995.11
"1085","2012.05.04",1989.15
"1086","2012.05.07",1956.44
"1087","2012.05.08",1967.01
"1088","2012.05.09",1950.29
"1089","2012.05.10",1944.93
"1090","2012.05.11",1917.13
"1091","2012.05.14",1913.73
"1092","2012.05.15",1898.96
"1093","2012.05.16",1840.53
"1094","2012.05.17",1845.24
"1095","2012.05.18",1782.46
"1096","2012.05.21",1799.13
"1097","2012.05.22",1828.69
"1098","2012.05.23",1808.62
"1099","2012.05.24",1814.47
"1100","2012.05.25",1824.17
"1101","2012.05.29",1849.91
"1102","2012.05.30",1844.86
"1103","2012.05.31",1843.47
"1104","2012.06.01",1834.51
"1105","2012.06.04",1783.13
"1106","2012.06.05",1801.85
"1107","2012.06.07",1847.95
"1108","2012.06.08",1835.64
"1109","2012.06.11",1867.04
"1110","2012.06.12",1854.74
"1111","2012.06.13",1859.32
"1112","2012.06.14",1871.48
"1113","2012.06.15",1858.16
"1114","2012.06.18",1891.71
"1115","2012.06.19",1891.77
"1116","2012.06.20",1904.12
"1117","2012.06.21",1889.15
"1118","2012.06.22",1847.39
"1119","2012.06.25",1825.38
"1120","2012.06.26",1817.81
"1121","2012.06.27",1817.65
"1122","2012.06.28",1819.18
"1123","2012.06.29",1854.01
"1124","2012.07.02",1851.65
"1125","2012.07.03",1867.82
"1126","2012.07.04",1874.45
"1127","2012.07.05",1875.49
"1128","2012.07.06",1858.2
"1129","2012.07.09",1836.13
"1130","2012.07.10",1829.45
"1131","2012.07.11",1826.39
"1132","2012.07.12",1785.39
"1133","2012.07.13",1812.89
"1134","2012.07.16",1817.79
"1135","2012.07.17",1821.96
"1136","2012.07.18",1794.91
"1137","2012.07.19",1822.96
"1138","2012.07.20",1822.93
"1139","2012.07.23",1789.44
"1140","2012.07.24",1793.93
"1141","2012.07.25",1769.31
"1142","2012.07.26",1782.47
"1143","2012.07.27",1829.16
"1144","2012.07.30",1843.79
"1145","2012.07.31",1881.99
"1146","2012.08.01",1879.93
"1147","2012.08.02",1869.4
"1148","2012.08.03",1848.68
"1149","2012.08.06",1885.88
"1150","2012.08.07",1886.8
"1151","2012.08.08",1903.23
"1152","2012.08.09",1940.59
"1153","2012.08.10",1946.4
"1154","2012.08.13",1932.44
"1155","2012.08.14",1956.96
"1156","2012.08.16",1957.91
"1157","2012.08.17",1946.54
"1158","2012.08.20",1946.31
"1159","2012.08.21",1943.22
"1160","2012.08.22",1935.19
"1161","2012.08.23",1942.54
"1162","2012.08.24",1919.81
"1163","2012.08.27",1917.87
"1164","2012.08.28",1916.33
"1165","2012.08.29",1928.54
"1166","2012.08.30",1906.38
"1167","2012.08.31",1905.12
"1168","2012.09.03",1912.71
"1169","2012.09.04",1907.13
"1170","2012.09.05",1874.03
"1171","2012.09.06",1881.24
"1172","2012.09.07",1929.58
"1173","2012.09.10",1924.7
"1174","2012.09.11",1920
"1175","2012.09.12",1950.03
"1176","2012.09.13",1950.69
"1177","2012.09.14",2007.58
"1178","2012.09.17",2002.35
"1179","2012.09.18",2004.96
"1180","2012.09.19",2007.88
"1181","2012.09.20",1990.33
"1182","2012.09.21",2002.37
"1183","2012.09.24",2003.44
"1184","2012.09.25",1991.41
"1185","2012.09.26",1980.44
"1186","2012.09.27",1988.7
"1187","2012.09.28",1996.21
"1188","2012.10.02",1996.03
"1189","2012.10.04",1992.68
"1190","2012.10.05",1995.17
"1191","2012.10.08",1981.89
"1192","2012.10.09",1979.04
"1193","2012.10.10",1948.22
"1194","2012.10.11",1933.09
"1195","2012.10.12",1933.26
"1196","2012.10.15",1925.59
"1197","2012.10.16",1941.54
"1198","2012.10.17",1955.15
"1199","2012.10.18",1959.12
"1200","2012.10.19",1943.84
"1201","2012.10.22",1941.59
"1202","2012.10.23",1926.81
"1203","2012.10.24",1913.96
"1204","2012.10.25",1924.5
"1205","2012.10.26",1891.43
"1206","2012.10.29",1891.52
"1207","2012.10.30",1899.58
"1208","2012.10.31",1912.06
"1209","2012.11.01",1898.44
"1210","2012.11.02",1918.72
"1211","2012.11.05",1908.22
"1212","2012.11.06",1928.17
"1213","2012.11.07",1937.55
"1214","2012.11.08",1914.41
"1215","2012.11.09",1904.41
"1216","2012.11.12",1900.87
"1217","2012.11.13",1889.7
"1218","2012.11.14",1894.04
"1219","2012.11.15",1870.72
"1220","2012.11.16",1860.83
"1221","2012.11.19",1878.1
"1222","2012.11.20",1890.18
"1223","2012.11.21",1884.04
"1224","2012.11.22",1899.5
"1225","2012.11.23",1911.33
"1226","2012.11.26",1908.51
"1227","2012.11.27",1925.2
"1228","2012.11.28",1912.78
"1229","2012.11.29",1934.85
"1230","2012.11.30",1932.9
"1231","2012.12.03",1940.02
"1232","2012.12.04",1935.18
"1233","2012.12.05",1947.04
"1234","2012.12.06",1949.62
"1235","2012.12.07",1957.45
"1236","2012.12.10",1957.42
"1237","2012.12.11",1964.62
"1238","2012.12.12",1975.44
"1239","2012.12.13",2002.77
"1240","2012.12.14",1995.04
"1241","2012.12.17",1983.07
"1242","2012.12.18",1993.09
"1243","2012.12.20",1999.5
"1244","2012.12.21",1980.42
"1245","2012.12.24",1981.82
"1246","2012.12.26",1982.25
"1247","2012.12.27",1987.35
"1248","2012.12.28",1997.05
"1249","2013.01.02",2031.1
"1250","2013.01.03",2019.41
"1251","2013.01.04",2011.94
"1252","2013.01.07",2011.25
"1253","2013.01.08",1997.94
"1254","2013.01.09",1991.81
"1255","2013.01.10",2006.8
"1256","2013.01.11",1996.67
"1257","2013.01.14",2007.04
"1258","2013.01.15",1983.74
"1259","2013.01.16",1977.45
"1260","2013.01.17",1974.27
"1261","2013.01.18",1987.85
"1262","2013.01.21",1986.86
"1263","2013.01.22",1996.52
"1264","2013.01.23",1980.41
"1265","2013.01.24",1964.48
"1266","2013.01.25",1946.69
"1267","2013.01.28",1939.71
"1268","2013.01.29",1955.96
"1269","2013.01.30",1964.43
"1270","2013.01.31",1961.94
"1271","2013.02.01",1957.79
"1272","2013.02.04",1953.21
"1273","2013.02.05",1938.18
"1274","2013.02.06",1936.19
"1275","2013.02.07",1931.77
"1276","2013.02.08",1950.9
"1277","2013.02.12",1945.79
"1278","2013.02.13",1976.07
"1279","2013.02.14",1979.61
"1280","2013.02.15",1981.18
"1281","2013.02.18",1981.91
"1282","2013.02.19",1985.83
"1283","2013.02.20",2024.64
"1284","2013.02.21",2015.22
"1285","2013.02.22",2018.89
"1286","2013.02.25",2009.52
"1287","2013.02.26",2000.01
"1288","2013.02.27",2004.04
"1289","2013.02.28",2026.49
"1290","2013.03.04",2013.15
"1291","2013.03.05",2016.61
"1292","2013.03.06",2020.74
"1293","2013.03.07",2004.4
"1294","2013.03.08",2006.01
"1295","2013.03.11",2003.35
"1296","2013.03.12",1993.34
"1297","2013.03.13",1999.73
"1298","2013.03.14",2002.13
"1299","2013.03.15",1986.5
"1300","2013.03.18",1968.18
"1301","2013.03.19",1978.56
"1302","2013.03.20",1959.41
"1303","2013.03.21",1950.82
"1304","2013.03.22",1948.71
"1305","2013.03.25",1977.67
"1306","2013.03.26",1983.7
"1307","2013.03.27",1993.44
"1308","2013.03.28",1993.52
"1309","2013.03.29",2004.89
"1310","2013.04.01",1995.99
"1311","2013.04.02",1986.15
"1312","2013.04.03",1983.22
"1313","2013.04.04",1959.45
"1314","2013.04.05",1927.23
"1315","2013.04.08",1918.69
"1316","2013.04.09",1920.74
"1317","2013.04.10",1935.58
"1318","2013.04.11",1949.8
"1319","2013.04.12",1924.23
"1320","2013.04.15",1920.45
"1321","2013.04.16",1922.21
"1322","2013.04.17",1923.84
"1323","2013.04.18",1900.06
"1324","2013.04.19",1906.75
"1325","2013.04.22",1926.31
"1326","2013.04.23",1918.63
"1327","2013.04.24",1935.31
"1328","2013.04.25",1951.6
"1329","2013.04.26",1944.56
"1330","2013.04.29",1940.7
"1331","2013.04.30",1963.95
"1332","2013.05.02",1957.21
"1333","2013.05.03",1965.71
"1334","2013.05.06",1961.48
"1335","2013.05.07",1954.35
"1336","2013.05.08",1956.45
"1337","2013.05.09",1979.45
"1338","2013.05.10",1944.75
"1339","2013.05.13",1948.7
"1340","2013.05.14",1968.83
"1341","2013.05.15",1971.26
"1342","2013.05.16",1986.81
"1343","2013.05.20",1982.43
"1344","2013.05.21",1981.09
"1345","2013.05.22",1993.83
"1346","2013.05.23",1969.19
"1347","2013.05.24",1973.45
"1348","2013.05.27",1979.97
"1349","2013.05.28",1986.22
"1350","2013.05.29",2001.2
"1351","2013.05.30",2000.1
"1352","2013.05.31",2001.05
"1353","2013.06.03",1989.57
"1354","2013.06.04",1989.51
"1355","2013.06.05",1959.19
"1356","2013.06.07",1923.85
"1357","2013.06.10",1932.7
"1358","2013.06.11",1920.68
"1359","2013.06.12",1909.91
"1360","2013.06.13",1882.73
"1361","2013.06.14",1889.24
"1362","2013.06.17",1883.1
"1363","2013.06.18",1900.62
"1364","2013.06.19",1888.31
"1365","2013.06.20",1850.49
"1366","2013.06.21",1822.83
"1367","2013.06.24",1799.01
"1368","2013.06.25",1780.63
"1369","2013.06.26",1783.45
"1370","2013.06.27",1834.7
"1371","2013.06.28",1863.32
"1372","2013.07.01",1855.73
"1373","2013.07.02",1855.02
"1374","2013.07.03",1824.66
"1375","2013.07.04",1839.14
"1376","2013.07.05",1833.31
"1377","2013.07.08",1816.85
"1378","2013.07.09",1830.35
"1379","2013.07.10",1824.16
"1380","2013.07.11",1877.6
"1381","2013.07.12",1869.98
"1382","2013.07.15",1875.16
"1383","2013.07.16",1866.36
"1384","2013.07.17",1887.49
"1385","2013.07.18",1875.48
"1386","2013.07.19",1871.41
"1387","2013.07.22",1880.35
"1388","2013.07.23",1904.15
"1389","2013.07.24",1912.08
"1390","2013.07.25",1909.61
"1391","2013.07.26",1910.81
"1392","2013.07.29",1899.89
"1393","2013.07.30",1917.05
"1394","2013.07.31",1914.03
"1395","2013.08.01",1920.74
"1396","2013.08.02",1923.38
"1397","2013.08.05",1916.22
"1398","2013.08.06",1906.62
"1399","2013.08.07",1878.33
"1400","2013.08.08",1883.97
"1401","2013.08.09",1880.71
"1402","2013.08.12",1884.83
"1403","2013.08.13",1913.03
"1404","2013.08.14",1923.91
"1405","2013.08.16",1920.11
"1406","2013.08.19",1917.64
"1407","2013.08.20",1887.85
"1408","2013.08.21",1867.46
"1409","2013.08.22",1849.12
"1410","2013.08.23",1870.16
"1411","2013.08.26",1887.86
"1412","2013.08.27",1885.84
"1413","2013.08.28",1884.52
"1414","2013.08.29",1907.54
"1415","2013.08.30",1926.36
"1416","2013.09.02",1924.81
"1417","2013.09.03",1933.74
"1418","2013.09.04",1933.03
"1419","2013.09.05",1951.65
"1420","2013.09.06",1955.31
"1421","2013.09.09",1974.67
"1422","2013.09.10",1994.06
"1423","2013.09.11",2003.85
"1424","2013.09.12",2004.06
"1425","2013.09.13",1994.32
"1426","2013.09.16",2013.37
"1427","2013.09.17",2005.58
"1428","2013.09.23",2009.41
"1429","2013.09.24",2007.1
"1430","2013.09.25",1998.06
"1431","2013.09.26",2007.32
"1432","2013.09.27",2011.8
"1433","2013.09.30",1996.96
"1434","2013.10.01",1998.87
"1435","2013.10.02",1999.47
"1436","2013.10.04",1996.98
"1437","2013.10.07",1994.42
"1438","2013.10.08",2002.76
"1439","2013.10.10",2001.4
"1440","2013.10.11",2024.9
"1441","2013.10.14",2020.27
"1442","2013.10.15",2040.96
"1443","2013.10.16",2034.61
"1444","2013.10.17",2040.61
"1445","2013.10.18",2052.4
"1446","2013.10.21",2053.01
"1447","2013.10.22",2056.12
"1448","2013.10.23",2035.75
"1449","2013.10.24",2046.69
"1450","2013.10.25",2034.39
"1451","2013.10.28",2048.14
"1452","2013.10.29",2051.76
"1453","2013.10.30",2059.58
"1454","2013.10.31",2030.09
"1455","2013.11.01",2039.42
"1456","2013.11.04",2025.17
"1457","2013.11.05",2013.93
"1458","2013.11.06",2013.67
"1459","2013.11.07",2004.04
"1460","2013.11.08",1984.87
"1461","2013.11.11",1977.3
"1462","2013.11.12",1995.48
"1463","2013.11.13",1963.56
"1464","2013.11.14",1967.56
"1465","2013.11.15",2005.64
"1466","2013.11.18",2010.81
"1467","2013.11.19",2031.64
"1468","2013.11.20",2017.24
"1469","2013.11.21",1993.78
"1470","2013.11.22",2006.23
"1471","2013.11.25",2015.98
"1472","2013.11.26",2022.64
"1473","2013.11.27",2028.81
"1474","2013.11.28",2045.77
"1475","2013.11.29",2044.87
"1476","2013.12.02",2030.78
"1477","2013.12.03",2009.36
"1478","2013.12.04",1986.8
"1479","2013.12.05",1984.77
"1480","2013.12.06",1980.41
"1481","2013.12.09",2000.38
"1482","2013.12.10",1993.45
"1483","2013.12.11",1977.97
"1484","2013.12.12",1967.93
"1485","2013.12.13",1962.91
"1486","2013.12.16",1961.15
"1487","2013.12.17",1965.74
"1488","2013.12.18",1974.63
"1489","2013.12.19",1975.65
"1490","2013.12.20",1983.35
"1491","2013.12.23",1996.89
"1492","2013.12.24",2001.59
"1493","2013.12.26",1999.3
"1494","2013.12.27",2002.28
"1495","2013.12.30",2011.34
